"Nicola Legros","Destinee Bahringer","Yazmin Blanda","Milo Bruen","Maurice Dibbert","Walker Davis","Cordie Weber","Emery Sawayn","Evans Kuphal","Ernie Runolfsdottir","Wilmer Boyle","Luella Sawayn"
"Enrique Sanford","Darwin VonRueden IV","Ferne Pagac","Velma Nitzsche","Camren Pfeffer","Vidal Hayes","Nigel Krajcik","Aisha Kunze Sr.","Everardo Abbott","Janick Conroy","Krystina Hessel","Vicente King"
"Fidel Bahringer Jr.","Josianne Abernathy","Ahmad McGlynn","Marcelino Parisian","Dusty Hammes","Effie Medhurst","Jaunita Kris V","Seamus Murray","Dr. Claudia Abernathy","Niko Gerlach","Aurelia Farrell","Christophe Konopelski"
"Mathias Farrell","Emil Hermann","Linnie Klocko","Jeremy VonRueden","Kaci Dooley","Serenity McKenzie","Carolyn Wiegand","Dr. Rose Crona","Christelle Zboncak","Wilfred Denesik","Gordon Thompson III","Manuel Leffler"
"Camille Feeney","Arlene Spinka","Wanda Jacobs","Grady Abbott","Desiree Romaguera","Jermey Hane MD","Deron Ritchie","Francesca Nikolaus","Pietro Bode II","Adrian Abbott","Ellie O'Reilly","Jeremy Hickle"
"Emmet Haag","Mrs. Mia Haley","Arne Towne","Sandrine Crona","Reilly Torphy","Ms. Alta Purdy","Elenor Nienow","Fiona Jacobi","Dr. Neva Conn","Gonzalo Haag","Ally Howell","Mittie Dicki IV"
"Trevor Bode","Garth Strosin","Evelyn Herzog","Adolph Rosenbaum","Bernice O'Hara","Eulalia Goodwin","Lindsey Howell","Maureen Upton","Ms. Matilde Connelly","Richmond Stracke","Trudie Gusikowski","Stephanie Mertz III"
"Darby MacGyver","Royal Graham V","Don Denesik II","Ms. Johnson Davis","Dixie Sipes","Donna Russel","Eusebio Schinner","Doug Kling","Ceasar Johnson","Alfonzo Rosenbaum III","Holden Donnelly","Dominic Gibson"
"Daisy Bailey","Trystan Jacobson","Lenna Murphy","Carroll Willms","Harmony Ortiz","George Breitenberg","Otilia Kerluke","Lonie Hintz","Mandy Watsica","River Mertz PhD","Viola Cartwright","Herminia Schulist"
"Lawson Bosco","Rod Towne","Wilford Roberts","Rossie Wehner","Antonetta Dach","Marcel Jacobi Jr.","Armando Conroy","Sebastian Hilll","Rene Moen","Josue Wolff","Alexie Lehner","Thalia Krajcik"
"Santos Russel","Armani Pollich","Gaston Baumbach","Emmanuelle Quigley","Adam Kassulke","Bernadette Toy","Jesus Crona","Richie Kshlerin","Jennie Connelly","Bert Schmidt","Mr. Alex Nicolas","Jedidiah McDermott"
"Jayda Thompson","Abigail Luettgen","Vernon Johnson","Mrs. Kayley Dickinson","Chet Walsh","Leda Wilkinson","Damion Mayert","Pink Kunde","Kane Hoppe","Marguerite O'Kon","Sammy Herzog","Mrs. Brigitte Thompson"
"Jaylon Fisher","Alison Barton","Braden Grady","Deonte Reichel","Nelda Schowalter V","Newton Mann","Breana Johns DDS","Krystina Buckridge","Philip Hickle","Melyssa Fisher Sr.","Verlie Hermann DDS","Corine Rau"
"Paolo Corwin","Price Stehr","Osborne Sauer","Lilliana Runolfsdottir","Hilma Borer","Leonie Murazik","Marlen Mueller","Devan Larson","Jon Weimann","Durward Simonis","Tristin Schulist","Noe Jones"
"Pinkie Fisher II","Eula Carroll","Randal Macejkovic","Monte Douglas","Aubree Dibbert","Liliana McDermott","Maegan Smith","Mariane Schmitt Sr.","Aleen Lind","Ms. Helena Larkin","Crystal Walter","Alvena Pollich"
"Elouise Labadie","Bernadine Conn","Shany Bernhard","Gilberto Heller","Ed Jaskolski Sr.","Jaida Dickinson","Craig Koss","Elijah Bernier","Keon Kuhn","Mrs. Freeman Runolfsson","Jayden Brakus","Mrs. Elton Hoeger"
"Serenity Bahringer","Glenda Schaefer","Shana Maggio","Brigitte Hintz","Edgardo Daugherty","Stephanie Lebsack","Cristina Reichel","Brandt Koelpin","Tabitha Hamill","Miss Thurman Runte","Rita Beahan DVM","Aliya Abernathy"
"Lilyan Rohan","Shaylee Sporer","Sydnie Swift","Shaina Watsica","Donato DuBuque III","Janae Swift","Mr. Francis Fahey","Mr. Kallie Collier","Astrid Pfeffer","Mitchel O'Hara","Alfreda Smitham","Bennett Douglas"
"Luella Halvorson","Kristofer Deckow","Carole Nitzsche","Cayla Waelchi","Isaiah Kunde","Anastacio Schumm","Kathleen Wunsch","Lacy Gottlieb","Mrs. Clifton Ankunding","Jonathon Ruecker","Hershel Casper","Jeanie Paucek"
"Miss Israel Emmerich","Clint Howell DDS","Ethan Koelpin","Rasheed Hayes","Reuben Lindgren","Amos Waters","Beryl Spencer","Dangelo Graham","Mavis Olson","Tristian Lockman","Edna Kihn","Noble Hammes"
"Alexanne Mraz","Jamarcus Ullrich","Stephan Heidenreich V","Manley Murazik","Roger Stark","Mallie Halvorson","Dasia Lindgren","Dennis Witting","Jacklyn Kuvalis","Tressa Fritsch","Camron Prohaska III","Kris Kunde II"
"Hobart Padberg","Evie Bailey","Dr. Hermina Pollich","Gerhard Gutmann","Steve Roberts","Sharon Kerluke","Brent Huel","Cary Schmidt","John Parker Jr.","Terrance Weber","Jermaine Stark","Dr. Mathilde Crona"
"Myrtle Stroman","Ibrahim Connelly","Isabell Harris DVM","Jeanie Runolfsdottir","Holly Jones","Bonnie Bogan","Delores Hills","Lina Rippin Sr.","Geraldine Green","Erika Stokes","Lexus Auer","Greta Hammes"
"Ernie Daniel","Mrs. Mollie Schmidt","Vincent Ondricka","Fidel Waelchi Sr.","Barney Feeney","Dr. Santa Prohaska","Mckenzie Jerde","Daniela Parker","Ms. Daphne Williamson","Janet Mills I","Dorcas Runte","Mrs. Bradford Gulgowski"
"Golden Schmitt","Miss Arnulfo Barton","Donato Wehner","Carmel Murray Jr.","Jacky Lockman","Miss Mertie Kuhn","Maeve Carroll","Elenora Hilll","Triston Fay","Zena Beatty","Mrs. Casimer Von","Ms. Priscilla Schuppe"
"Karina Mertz IV","Nels Kertzmann","Darby Kling","Courtney Lakin","Penelope Hegmann","Odessa Bradtke","Brandi Mann","Geovanny Skiles","Roxanne Swift","Xander Boyle","Serena Cartwright","Delphine Nitzsche PhD"
"Kristoffer Gulgowski","Elmore Spinka","Kianna Rau","Gloria Kertzmann","Zoila Jacobi","Beatrice Gorczany I","Deanna Bayer Sr.","Monroe Goodwin","Arianna Treutel","Simeon Hansen IV","Reece Reilly","Dr. Tyler Altenwerth"
"Phoebe Ratke","Melany Armstrong","Alphonso Marquardt","Kenya Hoeger","Aubree Hickle","Carmen Grady","Miss Jeanie Gerlach","Kaitlin Mann II","Maia Cronin","Trycia Ortiz","Helen Zulauf II","Delmer Dach II"
"Lavon Kertzmann III","Anna Schulist","Jamison Runolfsson IV","Lue Schumm","Adan Frami","George Schuster","Colleen Thiel","Juwan McClure III","Nadia Ernser","Lonny Hansen","Mrs. Hope Skiles","Viva Goldner"
"Jeffery McClure","Kayli Herzog","Sunny Bosco","Corbin Quitzon","Alana Dibbert","Ara Feeney","Rosina Fahey","Hattie Lockman","Verona Sporer","Madilyn Gaylord","Miss Lavern Reichert","Magnus Huel"
"Merle Fadel","Dasia Glover","Mr. Diana Krajcik","Ansel Breitenberg","Kale Yundt","Stephan Shields","Nicklaus Konopelski","Serena Bernier","Mittie Parker","Giovani Cummerata","Stacey Koch","Shakira Ritchie"
"Adriel Kassulke","Jerrod McCullough","Octavia Ward","Miss Filomena Roberts","Mateo Bradtke","Mrs. Zoey Turner","Lucinda Hamill","Thaddeus Roob","Dr. Alberta Murphy","Kimberly Kunze","Emilia Predovic","Mabelle Bailey"
"Bennie Hintz PhD","Antonetta Gislason","Gregoria Hodkiewicz","Guido Block","Theresia Kuvalis MD","Frank Eichmann","Antonietta Mosciski","Abbigail Bailey","Waino Franecki","Claudia Ebert","Mathilde Kulas","Emmitt Muller"
"Adelle Wiza","Filomena Koss","Jennings Kemmer","Titus Mante","Antonette Jacobi","Rowena Beahan","Kathryn Hand","Emiliano Gutmann","Krystel Luettgen","Elta Hand","Alayna Rau","Mathew Ernser"
"Helen Wyman","Nadia Adams","Juana Parker","Alberta Ledner V","Mrs. Zula Towne","Felipa Casper","Mr. Presley Metz","Nayeli Kessler","Miss Foster Herzog","Emie Halvorson II","Damion Koch","Paige Goldner II"
"Yadira Hills","Tanner Dach","Avis Paucek","Alessandra Hane","Jacynthe Reichert","Rhea Wilderman PhD","Dixie Dooley","Orval Spencer V","Raina Hirthe Sr.","Mavis McKenzie","Bruce Goyette","Myriam Williamson"
"Colin Crist IV","Hermina Pollich","Gustave Tromp","Thelma Glover","Ms. Otho Daugherty","Cortney Jaskolski","Arlene Streich","Ms. Myles Gerlach","Glennie Wolff","Rodolfo Hoeger","Favian Gleason Sr.","Ryan Dach"
"Gregg Stamm","Franco Welch","Rhianna Buckridge","Erwin Gislason PhD","Ole Olson","Orie Vandervort","Lera Ruecker","Alaina Cassin","Jennings Okuneva","Mark Kuhlman","Mrs. Vince Macejkovic","Fidel Bruen"
"Kaya Kassulke","Noemy Kilback","Petra Hudson","Yvonne Herman II","Sabryna Medhurst","Jalyn Mosciski","Ila Klocko","Virgie Buckridge IV","Cecelia Schuppe","Rory Zulauf","Alexandrine Herman","Anastasia Connelly"
"Brock Feil","Donnell Zulauf","Deangelo Haag","Verdie Kunde","Russell Orn","Roel Tillman","Meghan Ratke","Lucious Marks","Haskell Stamm","Lorine Johns","Damion Block","Kaelyn Kulas"
"Green Pfannerstill","Marina Little","Kailee Cassin Jr.","Mr. Janie Glover","Dorcas Carter","Clotilde Considine","Dr. Turner Sipes","Cleveland Rowe","Shaylee O'Reilly","Hugh McKenzie","Alexandrea Lowe","Bret Mitchell"
"Candido Goodwin","Shaylee Ward","Orrin Welch","Winnifred Hauck","Liana Wyman","Brice Kassulke","Bobbie Balistreri","Laurie Lesch","Ahmed O'Reilly","Nya Ebert","Kamille Walter","Raul Welch"
"Leo Jerde","Grayce Koepp","Kim Berge","Hillard Huels","Scot Sporer","Maci Mueller","Lemuel Schuppe","Otho Schimmel","Mariane Carroll","Filomena Reichert","Leif Bruen","Ashton Mante"
"Broderick Haley","Miss Humberto Murazik","Evelyn Greenfelder","Barry McCullough","Mr. Valerie Rowe","Maxwell O'Kon","Shany Stanton DDS","Gabrielle Lakin","Sheridan Frami","Elfrieda Lebsack","Alexandre Bauch","Abigail Rohan"
"Frederik Wolf","Sigrid Blanda","Janice Corwin","Krista Rau","Miss Hilario Cassin","Liam Abernathy","Hildegard Marvin Sr.","Haley Stiedemann","Tomas Cummerata","Marge Larson","Daphnee MacGyver","Karina Mertz"
"Libbie Labadie I","Norma Kunde","Henri Hansen","Zula Emard","Delia Harris III","Kelly Mertz","Colin Stoltenberg Jr.","Elbert Bergnaum","Jarred Moen","Deonte Schumm","Miss Shakira Crist","Mariela Schimmel"
"Mr. Deborah Lynch","Zechariah Reichert","Estefania Spinka","Lawson Conn III","Jeff Franecki","Dr. Oleta Schultz","Dr. Myrtice Lockman","Oda Hansen","Toy Lueilwitz III","Ricky Farrell IV","Ms. Aric Collins","Ila Brakus"
"Fannie Boyer","Emma Harber","Kennith Lowe","Jeffry Johnston","Irwin Koepp","Titus Bins","Norris Waters","Santina Renner","Hubert Wolff Jr.","Francesca Ziemann DVM","Miss Bette Schmeler","Carli Koss"
"Casandra Heathcote","Jaiden Lakin","Keshawn Brakus","Olga Jakubowski","Flossie Frami II","Carissa Douglas","Darion Feil","Gage Ziemann","Vladimir Metz DDS","Bettye Bartoletti","Jerry Conn","Enrique Rice"
"Keven Kuhlman","Miss Sydnie Gusikowski","Violet White","Gerry Waelchi","Itzel Murphy","Felicity Olson","Rolando Hackett","Norval Yost","Allan Schiller","Vallie Barrows","Laron Roberts","Ms. German Cassin"
"Paris Kshlerin","Luis Mayer","Miss Cyrus Schultz","Violet Sawayn","April Rutherford","Billie Padberg","Bradford Balistreri","Leola Hammes","Mavis Simonis IV","Shayna Robel Jr.","Rex Beier III","Israel Hettinger"
"Lilla Hartmann","Jeremie Murazik","Adelle Corkery","Cydney Ratke","Alberto Jacobi","Nya Block","Timmy Altenwerth","Oral McCullough","Lonie Torp","Curt Mayer","Mrs. Fiona Mills","Elise Berge III"
"Carmel McDermott","Ms. Unique Abbott","Natasha Kemmer Jr.","Theron Abshire","Noel Mante","Orion Hirthe","Alan Schulist","Efren Hamill","Nannie Robel","Queen Rohan","Dr. Favian Blick","Ismael Bashirian"
"Tiana McCullough","Estella Rogahn","Mr. Laron Ondricka","Ruthe Stroman","Mr. Nikita Schmeler","Kamron Batz","Albertha Williamson","Mr. Lavina Marquardt","Alberto Lemke","Gabriella Brekke","Cristopher Weimann","Gust Shanahan"
"Kitty Mann","Hilda Kirlin PhD","Elissa Kuhn","Archibald Flatley","Jevon King","Zackery Kessler","Heaven Bradtke","Jeffery Schowalter","Trudie Wolf","Gina Emmerich","Mr. Edwina Kub","Johnnie Friesen"
"Berenice Koelpin","Maria Jacobi DVM","America Rath","Everett Osinski III","Haleigh Quigley Jr.","Ms. Verlie Howe","Magdalen Lind","Russ Waelchi I","Declan Ratke III","Ralph Barrows","Jessika Beatty","Citlalli Predovic"
"Ken Wuckert","Simone Cummerata","Ceasar Kutch","Tom Eichmann","Georgette Bailey","Jayde Fisher","Jessy Robel","Jayce Moen","Abel Hoppe","Brennan Fahey","Filomena Becker","Chanelle DuBuque IV"
"Bart Parisian","Sophia Haley","Mafalda Bernhard","Terry Windler","Jasen Reynolds","Evert Flatley","Mrs. Kallie Schumm","Emilia Mitchell","Hellen Mayer DDS","Sally Thiel","Kyra Schulist V","Judd Morar I"
"Miss Rylan Bechtelar","Maureen Hayes","Ferne Frami","Angelina Pouros","Mandy Dare","Sid Jacobson","Daren Fay","Mrs. Serenity Bruen","Sister Rosenbaum","Freda Wolf","Miss Barney Toy","Deborah Smitham"
"Megane Schneider","Brooke O'Conner","Esta Haley","Joelle Rosenbaum","Waylon Runolfsdottir","Jewel Mohr","Herminia Sanford","Josiah Hessel","Dr. Stanford Corkery","Turner Von","Shanna Runolfsdottir","Jennifer Mayert"
"Maye Parker","Misty Greenfelder","Andrew Dickinson DDS","Carlee Abernathy","Kayden Howell","Turner Bayer","Deja Bosco","Pattie Bergnaum","Fae Buckridge","Vladimir Breitenberg","Dennis Marvin","Miss Jackson Zboncak"
"Vicenta Treutel","Omari Buckridge","Kip Bauch","Jaeden Schuppe","Alexandra Collins Jr.","Amiya Nikolaus","Natalia Metz","Mrs. Ezekiel O'Reilly","Ms. Andres Hane","Shayna Wolf","Forrest Berge","Miss Sylvester Raynor"
"Marge Pouros I","Dr. Bradly Stracke","Griffin Koepp","Keon Glover","Ramona Torp","Elna Mosciski III","Ernestina Terry","Sarai Crist","Kaci Steuber","Luciano O'Reilly DVM","Mossie Mueller","Ms. Anibal Volkman"
"Maureen McGlynn","Rickey Streich","Chance Willms","Margaret Bogisich","Amelie Bartell","Ms. Keeley Altenwerth","Muhammad Skiles","Destiney Becker","Lorena Christiansen","Era Lowe","Mrs. Albert Halvorson","Ray Zboncak"
"Freida Weissnat","Meta Howell","Karina Lubowitz","Alta Kilback","Josiane Kessler","Miss Alexander Heidenreich","Jamil Muller","Lemuel Torp I","Sabina Windler","Braeden Runolfsson","Blanche Bartell","Aubree Schuppe II"
"Jessie Kling","Audrey Armstrong","Meta Mills","Callie Mosciski","Frances Ryan","John Emard","Jewel Daniel","Brycen Smitham","Minerva Walker","Carissa Schiller","Christy Carroll","Ezekiel Schowalter"
"Mr. Nettie Blanda","Cornelius Skiles","Jevon Bradtke","Jayson Price PhD","Beau Toy DVM","Justice McKenzie","Davonte Lubowitz","Tommie Anderson","Napoleon Pacocha","Dr. Jaylen Schmitt","Zola Rolfson","Ayana Rau"
"Nathanial Corwin","Michaela Frami","Forrest McGlynn","Walter Batz","Gayle Welch","Ruthe Schroeder","Madison Oberbrunner","Camryn Deckow","Kamille Hudson","Hailie Harris","Cortez Keeling","Gregg Schuster"
"Carey Mohr PhD","Belle Lueilwitz","Ciara Marks","Sage Goodwin","Thora Mertz","Rita Ritchie","Ruby Moore","Ms. Jeramie Glover","Arlo Osinski","Mr. Crawford MacGyver","Mrs. Amalia Rau","Novella Kshlerin"
"Reed Schiller","Vida DuBuque","Ian Strosin","Mr. Valentin Stamm","Verlie Bergstrom","Isabel Bergstrom","Camila Weimann","Otis Bernier","Magali Mayert","Kaelyn Bradtke","Casimir Upton","Alicia Williamson"
"Adrienne VonRueden","Alayna Schaefer","Anabelle Daugherty","Mustafa Bailey","Jaleel Hand","Mr. Ida Kassulke","Ebba Hodkiewicz","Demario Waters","Madalyn Halvorson","Saul Hirthe","Jacklyn Collins","Callie Morissette"
"Jacynthe Daniel","Durward Quitzon","Westley Mraz","Myriam Harris","Christelle Bayer","Addison Douglas","Billy Dare","Tremaine Murazik","Mrs. Jonas Barton","Miss Hulda Ruecker","Laurie Bruen","Aurelia Lowe"
"Laney Mills","Jovanny Kuvalis","Miracle Nicolas V","Carmel Dickens","Lon Larkin","Katrina Leannon","Tristian Abshire DVM","Neoma Hilpert","Sunny Krajcik","Lenore Hauck PhD","Zetta Daugherty IV","Marilie Zieme"
"Josefa Veum","Hunter Hoeger","Theo Considine","Juliana Bartoletti","Candice Pfannerstill","Noemi Gleason","Cameron Lehner II","Mrs. Rolando Bednar","Abraham Metz","Mossie Bradtke V","Emie Hegmann","Kenya Will"
"Ms. Deshaun Roberts","Corbin Gulgowski","Eulalia Franecki","Jeromy Metz","Ms. Quentin Satterfield","Leola Dibbert MD","Daisha Little","Lexus O'Reilly","Patricia Hodkiewicz","Leda Effertz","Major Legros","Autumn Cassin"
"Cordell Jerde","Mrs. Victoria Runolfsdottir","Kallie Schmeler","Dr. Marcos Gorczany","Randy Hodkiewicz","Donny Schmeler","Viola Abbott","Terrill Botsford","Hazle Cartwright","Ms. Green Leffler","Ms. Hailie Daugherty","Rachel Rutherford"
"Roosevelt Kilback","Mrs. Niko Rolfson","Vida Fahey","Rigoberto Fahey","Ms. Adelle Herman","Erica Conroy","Lilla Nicolas","Mrs. Giles Terry","Hans Daugherty","Zackery Schroeder","Electa Schinner","Kiel Bradtke Jr."
"Xzavier Beatty","Mittie Johnson","Oren Bogan","Alvah Murray","Dr. Nigel Schimmel","Manuela Tremblay","Bret Tremblay Sr.","Adam Windler","Alia Brown","Theresia McCullough","Kameron Crooks","Kattie Gibson"
"Douglas Swift","Donavon Walsh II","Melvina Jaskolski","Rollin Gutkowski","Ervin Hermann","Francis Hoppe","Lonzo Becker","Ms. Vanessa McGlynn","Eriberto Mertz","Claude Lowe","Stephany Nicolas","Chris Wolf"
"Rosetta Rogahn","Lilly Mills","Dahlia Hettinger DDS","Jake White DDS","Mertie Block","Antonina Crooks V","Nyasia Nicolas","Wilfrid Hartmann","Jameson Nienow Sr.","Maudie Gleason","Samson Hayes","Jeffry Barrows"
"Stephania Stokes","Carolyne Langosh","Durward Johnston","Antonia Bartoletti","Dexter Murazik","Eudora Schumm","Niko Hudson","Enrique Schulist","Candace Maggio","Eryn Gorczany","Vivianne Mayer","Mabelle Jakubowski"
"Sammy Dach","Johan Corkery","Mr. Antonetta Stoltenberg","Antwon Schowalter","Lavern Ondricka","Tianna Farrell","Cheyanne Murphy","Tressie Feil II","Dolly Jacobson","Louisa Green","Miss Citlalli Rutherford","Miss Susana Casper"
"Maiya Purdy","Betsy Ferry","Autumn Lowe","Sam Bartoletti","Mr. Katlynn Schoen","Manuel Rau","Annie Wyman","Gardner Hodkiewicz","Lonnie Champlin","Fletcher Schumm","Gia Kshlerin","Monty Maggio II"
"Astrid Gulgowski","Martine Farrell","Orval Swift","Roxanne Connelly","Kyler Stiedemann","Casey Nienow II","Rey Waelchi","Randi Beier","Zion Conn","Alex Ullrich","Ms. Sim Jacobson","Willow Rippin"
"Aurelia Howe MD","Kennith Schulist","Austen Bayer","Tre Gottlieb","Napoleon Ondricka","Hildegard Kilback","Velva Reichert","Kaylee Maggio","Mikel Hansen","Camden Christiansen","Darby Hodkiewicz","Carroll Shanahan"
"Jacynthe Gaylord","Micah Parisian","Domenica Jaskolski DVM","Deja Waters","Gregoria Boehm","Kianna Von","Cleveland Waelchi","Adell Altenwerth","Ceasar Schmidt","Hollie Fadel","Emilia Leuschke","Shanel Langworth"
"Katharina Orn","Gail Crooks","Arlo Welch","Sherwood Crooks","Salvatore Jacobi","Virgie Olson","Mauricio Maggio DDS","Frederic Herman","Jaylen Ziemann","Layla Price","Mrs. Sydnee Barton","Yasmin Parisian MD"
"Brown Lubowitz","Ayden McClure","Effie Feil","Buster Feeney","Andreanne Hayes","Josefina Orn PhD","Alize Huels","Evie Fritsch","Aisha Kovacek","Celestine Goodwin","Nadia Gislason Jr.","Jayda Veum"
"Merritt Kshlerin DVM","Shanny Schmitt","Maegan Mraz","Madelyn Armstrong","Mrs. Stacey Walsh","Bessie Satterfield","Dr. Cale Olson","Cathy Crist","Miss Monserrate Davis","Ken Connelly","Charlie Terry","Keely Shields DDS"
"Wendell Corkery","Darien Stark","Octavia Sipes","Miss Erick Smith","Keenan Crist","Edward Harris","Ms. Luigi Feest","Waldo Hilpert","Kyla Muller","Elmore Parisian","Arch Kassulke","Jasmin Roob"
"Casimir Bogan","Cynthia Dare","Dashawn Haag","Arvid Herzog","Myrtie Simonis","Raymundo Halvorson","Haylee Legros","Clementine Schroeder","Minnie Kozey","Aiyana Pfeffer","Wendell Kreiger","Claudie Shields"
"Guadalupe Tremblay","Jany Schiller","Mohammed Kertzmann","Dr. Andreane Wolf","Price Thiel","Kathryn Fadel","Thora Hickle","Ramiro Stamm","Enrico Larson","Kurtis Becker","Vernice Schneider","Bernice Walsh"
"Zechariah Homenick","Johnny Ortiz","Dr. Pat Hermiston","Alisa McDermott","Hassie Jones","Joaquin Gleichner","Evangeline Predovic","Gerson Trantow","Alec Prosacco DVM","Jeremie Pacocha","Ashleigh Rutherford","Laura Rau III"
"Nadia Klein","Tessie Schumm II","Dorcas Mann PhD","Miss Jada Reichert","Justyn Lebsack","Eloisa Rempel","Carlos Brown","Helene Klein","Opal Mante","Julius Hills","Mrs. Desiree Stark","Reymundo Larkin"
"Hettie Tillman","Ole Thompson","Hobart Ferry","Dennis Mueller","Sherwood Renner","Vincent Stehr","Lukas Klein","Jewell Turcotte MD","Webster McGlynn","Dayne Ortiz","Jonathon Raynor","Dashawn Mueller"
"Judy Erdman","Jalen Tromp","Teresa Hackett","Hershel Botsford","Lexus Zieme","Emiliano Cremin","Verdie Harris","Mac Schinner","Liam Monahan","Blaze Schowalter MD","Cristian Lynch","Jazmyn Berge III"
"Shirley Prohaska","Cornell Gerhold","Ayden Marks","Martin Hand","Pearlie Marks","Erin Rempel","Keanu Jakubowski","Colt Willms","Citlalli Bayer","Reymundo Kutch","Katherine Kirlin","Einar Johnston"
"Mabelle Beahan","Ramiro Schuppe Sr.","Oceane Towne","Julian Kovacek","Luciano Stanton","Margot Nader","Erling Gulgowski","Mrs. Brent Miller","Noelia Dooley","Gisselle Bauch","Alysha Hermiston","Raheem Hermiston"
"Rossie Harvey","Lafayette Green","Mr. Sammie Doyle","Juston Metz I","Seth Goldner","Fae Heaney","Reva Hettinger","Ms. Maximo Welch","Edmund Schmeler IV","Geovanny Parisian","Ms. Carissa McCullough","Quincy Jacobson"
"Frederique Hauck","Libby Strosin DVM","Mr. Joanie Ward","Norma Hessel","Aileen O'Conner","Rick Lehner","Dallas Bergstrom Sr.","Mr. Maybelle Bosco","Ryleigh Hamill","Eduardo Dach","Everardo Spencer DVM","Dr. Emanuel Simonis"
